,SceneNumber,image_name,settings1,settings2,settings3,objects,people count,activities_content
0,1,/content/output/7//FramesSavedHere/1/img_000001.png,others,others,closeup,others,single,violence
1,1,/content/output/7//FramesSavedHere/1/img_000002.png,others,others,closeup,others,single,violence
2,1,/content/output/7//FramesSavedHere/1/img_000003.png,others,others,closeup,others,single,violence
3,1,/content/output/7//FramesSavedHere/1/img_000004.png,others,others,side,Trains,single,others
4,1,/content/output/7//FramesSavedHere/1/img_000005.png,others,others,side,Trains,single,others
5,1,/content/output/7//FramesSavedHere/1/img_000006.png,blurry place,others,others,Buses,single,transportation
6,1,/content/output/7//FramesSavedHere/1/img_000007.png,others,others,side,Trains,single,others
7,1,/content/output/7//FramesSavedHere/1/img_000008.png,others,others,side,Trains,single,others
8,1,/content/output/7//FramesSavedHere/1/img_000009.png,others,others,side,Trains,single,others
9,1,/content/output/7//FramesSavedHere/1/img_000010.png,street,night time,others,Buses,others,others
10,1,/content/output/7//FramesSavedHere/1/img_000011.png,street,red light,others,Buses,single,still
11,1,/content/output/7//FramesSavedHere/1/img_000012.png,street,red light,others,Buses,others,others
12,1,/content/output/7//FramesSavedHere/1/img_000013.png,street,low light,others,Buses,others,others
13,1,/content/output/7//FramesSavedHere/1/img_000014.png,street,night time,others,Buses,single,others
14,1,/content/output/7//FramesSavedHere/1/img_000015.png,street,low light,others,Buses,single,still
15,1,/content/output/7//FramesSavedHere/1/img_000016.png,vehicles,others,others,Trains,others,others
16,1,/content/output/7//FramesSavedHere/1/img_000017.png,blurry place,low light,others,Pedestrians,others,still
17,1,/content/output/7//FramesSavedHere/1/img_000018.png,blurry place,red light,others,Suits,others,still
18,1,/content/output/7//FramesSavedHere/1/img_000019.png,vehicles,red light,others,Buses,single,others
19,1,/content/output/7//FramesSavedHere/1/img_000020.png,vehicles,others,others,others,single,others
20,1,/content/output/7//FramesSavedHere/1/img_000021.png,vehicles,others,others,Trains,single,others
21,1,/content/output/7//FramesSavedHere/1/img_000022.png,vehicles,blue light,side,Buses,single,others
22,1,/content/output/7//FramesSavedHere/1/img_000023.png,others,others,side,others,single,others
23,1,/content/output/7//FramesSavedHere/1/img_000024.png,others,others,side,others,single,others
24,1,/content/output/7//FramesSavedHere/1/img_000025.png,vehicles,night time,others,Vehicles,others,still
25,1,/content/output/7//FramesSavedHere/1/img_000026.png,vehicles,low light,others,Vehicles,others,still
26,1,/content/output/7//FramesSavedHere/1/img_000027.png,others,low light,others,Vehicles,others,others
27,1,/content/output/7//FramesSavedHere/1/img_000028.png,others,low light,closeup,Vehicles,single,still
28,1,/content/output/7//FramesSavedHere/1/img_000029.png,others,low light,closeup,Vehicles,others,still
29,1,/content/output/7//FramesSavedHere/1/img_000030.png,others,red light,others,Vehicles,others,others
30,1,/content/output/7//FramesSavedHere/1/img_000031.png,others,red light,others,Pedestrians,others,violence
31,1,/content/output/7//FramesSavedHere/1/img_000032.png,others,others,side,others,single,others
32,1,/content/output/7//FramesSavedHere/1/img_000033.png,others,others,side,others,single,others
33,1,/content/output/7//FramesSavedHere/1/img_000034.png,others,others,side,others,single,others
34,1,/content/output/7//FramesSavedHere/1/img_000035.png,others,others,others,Security,others,violence
35,1,/content/output/7//FramesSavedHere/1/img_000036.png,others,others,others,others,others,others
36,1,/content/output/7//FramesSavedHere/1/img_000037.png,others,low light,others,Pedestrians,single,violence
37,1,/content/output/7//FramesSavedHere/1/img_000038.png,dark place,low light,others,others,others,violence
38,1,/content/output/7//FramesSavedHere/1/img_000039.png,dark place,others,others,Intruders,group,violence
39,1,/content/output/7//FramesSavedHere/1/img_000040.png,others,red light,others,Briefcases,group,violence
40,1,/content/output/7//FramesSavedHere/1/img_000041.png,vehicles,others,others,Pedestrians,group,others
41,1,/content/output/7//FramesSavedHere/1/img_000042.png,others,others,others,Pedestrians,group,others
42,1,/content/output/7//FramesSavedHere/1/img_000043.png,street,others,others,Pedestrians,single,expressions
43,1,/content/output/7//FramesSavedHere/1/img_000044.png,others,red light,others,Pedestrians,group,expressions
44,1,/content/output/7//FramesSavedHere/1/img_000045.png,others,others,side,others,single,others
45,1,/content/output/7//FramesSavedHere/1/img_000046.png,others,others,side,others,single,others
46,1,/content/output/7//FramesSavedHere/1/img_000047.png,others,others,side,others,single,others
47,1,/content/output/7//FramesSavedHere/1/img_000048.png,others,red light,others,others,single,others
48,1,/content/output/7//FramesSavedHere/1/img_000049.png,vehicles,red light,others,Trains,group,others
49,1,/content/output/7//FramesSavedHere/1/img_000050.png,vehicles,others,others,Trains,single,transportation
50,1,/content/output/7//FramesSavedHere/1/img_000051.png,others,others,others,Trains,single,substance use
51,1,/content/output/7//FramesSavedHere/1/img_000052.png,others,blue light,others,others,single,substance use
52,1,/content/output/7//FramesSavedHere/1/img_000053.png,others,others,side,others,single,others
53,1,/content/output/7//FramesSavedHere/1/img_000054.png,others,others,side,others,single,others
54,1,/content/output/7//FramesSavedHere/1/img_000055.png,others,others,side,others,single,others
55,1,/content/output/7//FramesSavedHere/1/img_000056.png,others,red light,others,Trains,single,others
56,1,/content/output/7//FramesSavedHere/1/img_000057.png,vehicles,red light,others,Trains,single,expressions
57,1,/content/output/7//FramesSavedHere/1/img_000058.png,others,others,others,Buses,single,expressions
58,1,/content/output/7//FramesSavedHere/1/img_000059.png,vehicles,others,side,Buses,single,expressions
59,1,/content/output/7//FramesSavedHere/1/img_000060.png,others,others,side,Buses,single,others
60,1,/content/output/7//FramesSavedHere/1/img_000061.png,others,others,others,others,single,others
61,1,/content/output/7//FramesSavedHere/1/img_000062.png,others,others,side,others,single,others
62,1,/content/output/7//FramesSavedHere/1/img_000063.png,others,others,side,others,single,others
63,1,/content/output/7//FramesSavedHere/1/img_000064.png,others,blue light,closeup,Buses,single,others
64,1,/content/output/7//FramesSavedHere/1/img_000065.png,others,low light,closeup,Buses,single,others
65,1,/content/output/7//FramesSavedHere/1/img_000066.png,others,blue light,closeup,Buses,single,others
66,1,/content/output/7//FramesSavedHere/1/img_000067.png,others,blue light,closeup,others,single,others
67,1,/content/output/7//FramesSavedHere/1/img_000068.png,others,others,others,Buses,single,others
68,1,/content/output/7//FramesSavedHere/1/img_000069.png,others,others,others,Buses,single,talking
69,1,/content/output/7//FramesSavedHere/1/img_000070.png,others,others,others,Trains,single,talking
70,1,/content/output/7//FramesSavedHere/1/img_000071.png,others,red light,side,others,group,others
71,1,/content/output/7//FramesSavedHere/1/img_000072.png,others,others,others,Intruders,group,violence
72,1,/content/output/7//FramesSavedHere/1/img_000073.png,others,others,side,Buses,group,others
73,1,/content/output/7//FramesSavedHere/1/img_000074.png,vehicles,others,others,Trains,single,others
74,1,/content/output/7//FramesSavedHere/1/img_000075.png,others,blue light,closeup,Buses,single,others
75,1,/content/output/7//FramesSavedHere/1/img_000076.png,others,low light,others,others,others,others
76,1,/content/output/7//FramesSavedHere/1/img_000077.png,others,blue light,others,Buses,single,others
77,1,/content/output/7//FramesSavedHere/1/img_000078.png,others,others,others,Trains,group,transportation
78,1,/content/output/7//FramesSavedHere/1/img_000079.png,others,others,others,Buses,single,transportation
79,1,/content/output/7//FramesSavedHere/1/img_000080.png,others,others,others,Trains,single,transportation
80,2,/content/output/7//FramesSavedHere/2/img_000001.png,others,others,others,Trains,single,talking
81,2,/content/output/7//FramesSavedHere/2/img_000002.png,others,others,others,Trains,single,talking
82,2,/content/output/7//FramesSavedHere/2/img_000003.png,others,others,others,Trains,single,talking
83,2,/content/output/7//FramesSavedHere/2/img_000004.png,others,others,others,Briefcases,others,substance use
84,2,/content/output/7//FramesSavedHere/2/img_000005.png,others,others,others,Briefcases,single,others
85,2,/content/output/7//FramesSavedHere/2/img_000006.png,others,low light,others,Briefcases,single,others
86,2,/content/output/7//FramesSavedHere/2/img_000007.png,others,low light,others,others,single,others
87,2,/content/output/7//FramesSavedHere/2/img_000008.png,others,red light,side,others,group,others
88,2,/content/output/7//FramesSavedHere/2/img_000009.png,others,others,closeup,others,single,others
89,2,/content/output/7//FramesSavedHere/2/img_000010.png,others,others,closeup,others,single,others
90,2,/content/output/7//FramesSavedHere/2/img_000011.png,others,others,others,others,single,others
91,2,/content/output/7//FramesSavedHere/2/img_000012.png,others,others,closeup,others,others,others
92,2,/content/output/7//FramesSavedHere/2/img_000013.png,others,others,others,Trains,single,transportation
93,2,/content/output/7//FramesSavedHere/2/img_000014.png,others,others,others,Trains,single,talking
94,2,/content/output/7//FramesSavedHere/2/img_000015.png,others,others,others,Trains,single,talking
95,2,/content/output/7//FramesSavedHere/2/img_000016.png,others,others,closeup,others,single,others
96,2,/content/output/7//FramesSavedHere/2/img_000017.png,others,others,closeup,Trains,single,substance use
97,2,/content/output/7//FramesSavedHere/2/img_000018.png,others,others,closeup,Trains,single,others
98,2,/content/output/7//FramesSavedHere/2/img_000019.png,others,others,closeup,Trains,single,transportation
99,2,/content/output/7//FramesSavedHere/2/img_000020.png,others,others,others,Buses,single,others
100,2,/content/output/7//FramesSavedHere/2/img_000021.png,others,others,others,Trains,single,others
101,2,/content/output/7//FramesSavedHere/2/img_000022.png,others,others,others,Trains,single,others
102,2,/content/output/7//FramesSavedHere/2/img_000023.png,street,others,others,Trains,single,others
103,2,/content/output/7//FramesSavedHere/2/img_000024.png,street,others,others,Trains,single,others
104,2,/content/output/7//FramesSavedHere/2/img_000025.png,others,others,others,Trains,single,others
105,2,/content/output/7//FramesSavedHere/2/img_000026.png,others,others,side,Trains,single,others
106,2,/content/output/7//FramesSavedHere/2/img_000027.png,others,others,side,Trains,single,others
107,2,/content/output/7//FramesSavedHere/2/img_000028.png,others,others,side,Trains,single,others
108,2,/content/output/7//FramesSavedHere/2/img_000029.png,others,others,others,Buses,others,transportation
109,2,/content/output/7//FramesSavedHere/2/img_000030.png,others,others,others,Buses,others,transportation
110,2,/content/output/7//FramesSavedHere/2/img_000031.png,blurry place,others,others,Pedestrians,group,transportation
111,2,/content/output/7//FramesSavedHere/2/img_000032.png,others,others,side,Trains,single,others
112,2,/content/output/7//FramesSavedHere/2/img_000033.png,others,others,side,Trains,single,others
113,2,/content/output/7//FramesSavedHere/2/img_000034.png,others,others,side,Trains,single,still
114,2,/content/output/7//FramesSavedHere/2/img_000035.png,others,others,side,Trains,single,others
115,2,/content/output/7//FramesSavedHere/2/img_000036.png,others,others,side,Trains,single,still
116,2,/content/output/7//FramesSavedHere/2/img_000037.png,others,low light,closeup,others,single,violence
117,2,/content/output/7//FramesSavedHere/2/img_000038.png,others,others,others,Buses,group,transportation
118,2,/content/output/7//FramesSavedHere/2/img_000039.png,others,others,others,Buses,group,transportation
119,2,/content/output/7//FramesSavedHere/2/img_000040.png,others,others,others,Buses,group,transportation
120,2,/content/output/7//FramesSavedHere/2/img_000041.png,others,others,others,Buses,group,transportation
121,2,/content/output/7//FramesSavedHere/2/img_000042.png,others,others,side,Trains,single,others
122,2,/content/output/7//FramesSavedHere/2/img_000043.png,others,others,others,Trains,single,others
123,2,/content/output/7//FramesSavedHere/2/img_000044.png,others,others,side,Trains,single,others
124,2,/content/output/7//FramesSavedHere/2/img_000045.png,blurry place,others,others,Trains,couple,others
125,2,/content/output/7//FramesSavedHere/2/img_000046.png,blurry place,others,others,Trains,single,others
126,2,/content/output/7//FramesSavedHere/2/img_000047.png,others,red light,others,Trains,single,others
127,2,/content/output/7//FramesSavedHere/2/img_000048.png,blurry place,others,others,Trains,single,others
128,2,/content/output/7//FramesSavedHere/2/img_000049.png,others,others,others,Trains,single,others
129,2,/content/output/7//FramesSavedHere/2/img_000050.png,others,others,others,Trains,single,others
130,2,/content/output/7//FramesSavedHere/2/img_000051.png,others,others,side,Buses,single,others
131,2,/content/output/7//FramesSavedHere/2/img_000052.png,others,others,side,Trains,single,expressions
132,2,/content/output/7//FramesSavedHere/2/img_000053.png,others,others,others,Buses,single,transportation
133,2,/content/output/7//FramesSavedHere/2/img_000054.png,others,others,others,Trains,single,others
134,2,/content/output/7//FramesSavedHere/2/img_000055.png,others,others,others,Buses,single,others
135,2,/content/output/7//FramesSavedHere/2/img_000056.png,others,others,others,Trains,single,others
136,2,/content/output/7//FramesSavedHere/2/img_000057.png,street,others,others,Pedestrians,single,others
137,2,/content/output/7//FramesSavedHere/2/img_000058.png,vehicles,low light,others,Briefcases,single,others
138,2,/content/output/7//FramesSavedHere/2/img_000059.png,others,others,others,Buses,couple,transportation
139,2,/content/output/7//FramesSavedHere/2/img_000060.png,others,others,others,Buses,couple,talking
140,2,/content/output/7//FramesSavedHere/2/img_000061.png,street,others,others,Pedestrians,single,talking
141,2,/content/output/7//FramesSavedHere/2/img_000062.png,others,others,others,Buses,others,talking
142,2,/content/output/7//FramesSavedHere/2/img_000063.png,street,others,others,Buses,couple,talking
143,2,/content/output/7//FramesSavedHere/2/img_000064.png,street,others,others,Buses,couple,talking
144,2,/content/output/7//FramesSavedHere/2/img_000065.png,others,low light,closeup,Buses,single,transportation
145,2,/content/output/7//FramesSavedHere/2/img_000066.png,blurry place,low light,others,Pedestrians,others,others
146,2,/content/output/7//FramesSavedHere/2/img_000067.png,blurry place,low light,others,Buses,single,transportation
147,2,/content/output/7//FramesSavedHere/2/img_000068.png,vehicles,red light,others,Buses,single,others
148,2,/content/output/7//FramesSavedHere/2/img_000069.png,vehicles,red light,others,Buses,single,others
149,2,/content/output/7//FramesSavedHere/2/img_000070.png,vehicles,red light,others,Trains,single,others
150,2,/content/output/7//FramesSavedHere/2/img_000071.png,vehicles,red light,others,Trains,single,others
151,2,/content/output/7//FramesSavedHere/2/img_000072.png,others,blue light,others,Pedestrians,single,others
152,2,/content/output/7//FramesSavedHere/2/img_000073.png,others,red light,closeup,Pedestrians,single,violence
153,2,/content/output/7//FramesSavedHere/2/img_000074.png,others,blue light,closeup,Barriers,single,violence
154,2,/content/output/7//FramesSavedHere/2/img_000075.png,others,others,others,others,single,others
155,2,/content/output/7//FramesSavedHere/2/img_000076.png,others,others,others,Pedestrians,others,others
156,2,/content/output/7//FramesSavedHere/2/img_000077.png,others,others,others,Buses,single,others
157,2,/content/output/7//FramesSavedHere/2/img_000078.png,others,others,others,Buses,single,others
158,3,/content/output/7//FramesSavedHere/3/img_000001.png,others,others,others,Buses,group,transportation
159,3,/content/output/7//FramesSavedHere/3/img_000002.png,blurry place,others,others,Trains,group,transportation
160,3,/content/output/7//FramesSavedHere/3/img_000003.png,others,others,others,Trains,group,transportation
161,3,/content/output/7//FramesSavedHere/3/img_000004.png,others,others,others,Trains,group,transportation
162,3,/content/output/7//FramesSavedHere/3/img_000005.png,others,others,others,Buses,group,transportation
163,3,/content/output/7//FramesSavedHere/3/img_000006.png,others,others,others,Pedestrians,others,transportation
164,3,/content/output/7//FramesSavedHere/3/img_000007.png,others,others,others,Trains,group,transportation
165,3,/content/output/7//FramesSavedHere/3/img_000008.png,others,others,others,Pedestrians,group,transportation
166,3,/content/output/7//FramesSavedHere/3/img_000009.png,others,others,others,Buses,group,transportation
167,3,/content/output/7//FramesSavedHere/3/img_000010.png,others,others,others,Buses,group,transportation
168,3,/content/output/7//FramesSavedHere/3/img_000011.png,others,red light,others,Buses,single,substance use
169,3,/content/output/7//FramesSavedHere/3/img_000012.png,others,others,others,Buses,single,substance use
170,3,/content/output/7//FramesSavedHere/3/img_000013.png,others,others,others,others,single,others
171,3,/content/output/7//FramesSavedHere/3/img_000014.png,others,others,front,Drones,single,others
172,3,/content/output/7//FramesSavedHere/3/img_000015.png,others,others,side,Drones,single,others
173,3,/content/output/7//FramesSavedHere/3/img_000016.png,others,others,side,others,single,others
174,3,/content/output/7//FramesSavedHere/3/img_000017.png,others,others,side,others,single,others
175,3,/content/output/7//FramesSavedHere/3/img_000018.png,others,others,others,others,others,others
176,3,/content/output/7//FramesSavedHere/3/img_000019.png,others,others,others,Trains,group,others
177,3,/content/output/7//FramesSavedHere/3/img_000020.png,others,others,others,Trains,group,talking
178,3,/content/output/7//FramesSavedHere/3/img_000021.png,others,others,others,Trains,group,others
179,3,/content/output/7//FramesSavedHere/3/img_000022.png,others,others,others,Trains,single,transportation
180,3,/content/output/7//FramesSavedHere/3/img_000023.png,others,others,others,Buses,single,transportation
181,3,/content/output/7//FramesSavedHere/3/img_000024.png,others,others,others,Buses,group,others
182,3,/content/output/7//FramesSavedHere/3/img_000025.png,others,others,side,others,single,others
183,3,/content/output/7//FramesSavedHere/3/img_000026.png,blurry place,others,others,Trains,single,others
184,3,/content/output/7//FramesSavedHere/3/img_000027.png,others,others,others,Pedestrians,single,others
185,3,/content/output/7//FramesSavedHere/3/img_000028.png,others,others,others,Buses,single,violence
186,3,/content/output/7//FramesSavedHere/3/img_000029.png,others,others,others,Trains,single,others
187,3,/content/output/7//FramesSavedHere/3/img_000030.png,others,others,others,Trains,single,transportation
188,3,/content/output/7//FramesSavedHere/3/img_000031.png,blurry place,others,others,Briefcases,single,others
189,3,/content/output/7//FramesSavedHere/3/img_000032.png,blurry place,others,others,Buses,others,others
190,3,/content/output/7//FramesSavedHere/3/img_000033.png,blurry place,others,others,Trains,single,transportation
191,3,/content/output/7//FramesSavedHere/3/img_000034.png,others,others,others,Pedestrians,single,others
192,3,/content/output/7//FramesSavedHere/3/img_000035.png,others,others,others,Briefcases,others,others
193,3,/content/output/7//FramesSavedHere/3/img_000036.png,blurry place,others,others,Trains,single,transportation
194,3,/content/output/7//FramesSavedHere/3/img_000037.png,blurry place,others,others,Trains,single,transportation
195,3,/content/output/7//FramesSavedHere/3/img_000038.png,blurry place,others,others,Pedestrians,single,others
196,3,/content/output/7//FramesSavedHere/3/img_000039.png,blurry place,others,others,Trains,single,others
197,3,/content/output/7//FramesSavedHere/3/img_000040.png,others,others,others,Buses,others,others
198,3,/content/output/7//FramesSavedHere/3/img_000041.png,others,others,others,Trains,single,others
199,3,/content/output/7//FramesSavedHere/3/img_000042.png,blurry place,others,others,Buses,others,expressions
200,3,/content/output/7//FramesSavedHere/3/img_000043.png,others,others,others,Trains,others,others
201,3,/content/output/7//FramesSavedHere/3/img_000044.png,others,others,others,others,others,violence
202,3,/content/output/7//FramesSavedHere/3/img_000045.png,others,others,front,Trains,single,others
203,3,/content/output/7//FramesSavedHere/3/img_000046.png,blurry place,others,others,Buses,single,others
204,3,/content/output/7//FramesSavedHere/3/img_000047.png,others,others,others,Trains,others,others
205,3,/content/output/7//FramesSavedHere/3/img_000048.png,others,others,front,Buses,single,others
206,3,/content/output/7//FramesSavedHere/3/img_000049.png,others,others,front,Briefcases,single,others
207,3,/content/output/7//FramesSavedHere/3/img_000050.png,others,others,others,Buses,others,transportation
208,3,/content/output/7//FramesSavedHere/3/img_000051.png,vehicles,others,others,Buses,single,others
209,3,/content/output/7//FramesSavedHere/3/img_000052.png,blurry place,others,others,Pedestrians,single,others
210,3,/content/output/7//FramesSavedHere/3/img_000053.png,others,red light,side,Trains,single,others
211,3,/content/output/7//FramesSavedHere/3/img_000054.png,blurry place,others,others,Trains,others,others
212,3,/content/output/7//FramesSavedHere/3/img_000055.png,blurry place,others,others,Buses,single,transportation
213,3,/content/output/7//FramesSavedHere/3/img_000056.png,vehicles,others,others,Trains,others,transportation
214,3,/content/output/7//FramesSavedHere/3/img_000057.png,street,others,others,Buses,couple,others
215,3,/content/output/7//FramesSavedHere/3/img_000058.png,blurry place,others,others,Trains,single,transportation
216,3,/content/output/7//FramesSavedHere/3/img_000059.png,vehicles,others,others,Buses,single,others
217,3,/content/output/7//FramesSavedHere/3/img_000060.png,blurry place,others,others,Buses,single,expressions
218,3,/content/output/7//FramesSavedHere/3/img_000061.png,blurry place,others,others,Buses,single,transportation
219,3,/content/output/7//FramesSavedHere/3/img_000062.png,blurry place,others,others,Buses,single,transportation
220,3,/content/output/7//FramesSavedHere/3/img_000063.png,others,others,others,Buses,single,violence
221,3,/content/output/7//FramesSavedHere/3/img_000064.png,others,others,others,Buses,single,others
222,3,/content/output/7//FramesSavedHere/3/img_000065.png,others,others,closeup,Buses,single,others
223,3,/content/output/7//FramesSavedHere/3/img_000066.png,blurry place,others,others,Trains,single,others
224,3,/content/output/7//FramesSavedHere/3/img_000067.png,others,others,others,Trains,group,others
225,3,/content/output/7//FramesSavedHere/3/img_000068.png,street,others,closeup,Smoke,single,others
226,3,/content/output/7//FramesSavedHere/3/img_000069.png,others,others,others,Buses,group,violence
227,3,/content/output/7//FramesSavedHere/3/img_000070.png,vehicles,others,others,Buses,single,transportation
228,3,/content/output/7//FramesSavedHere/3/img_000071.png,vehicles,others,front,Trains,single,others
229,3,/content/output/7//FramesSavedHere/3/img_000072.png,vehicles,others,front,Buses,single,others
230,3,/content/output/7//FramesSavedHere/3/img_000073.png,vehicles,others,front,Buses,single,others
231,3,/content/output/7//FramesSavedHere/3/img_000074.png,others,others,others,Trains,single,others
232,3,/content/output/7//FramesSavedHere/3/img_000075.png,vehicles,others,front,Buses,single,talking
233,3,/content/output/7//FramesSavedHere/3/img_000076.png,others,others,others,Buses,group,transportation
234,3,/content/output/7//FramesSavedHere/3/img_000077.png,vehicles,others,others,Buses,group,transportation
235,3,/content/output/7//FramesSavedHere/3/img_000078.png,others,others,others,Buses,group,transportation
236,3,/content/output/7//FramesSavedHere/3/img_000079.png,others,others,others,Buses,group,transportation
237,3,/content/output/7//FramesSavedHere/3/img_000080.png,others,others,closeup,others,single,others
238,3,/content/output/7//FramesSavedHere/3/img_000081.png,others,others,others,Smoke,single,others
239,3,/content/output/7//FramesSavedHere/3/img_000082.png,vehicles,others,others,others,single,others
240,3,/content/output/7//FramesSavedHere/3/img_000083.png,vehicles,others,closeup,Trains,single,others
241,3,/content/output/7//FramesSavedHere/3/img_000084.png,vehicles,others,others,Trains,single,others
242,3,/content/output/7//FramesSavedHere/3/img_000085.png,others,others,others,others,single,others
243,3,/content/output/7//FramesSavedHere/3/img_000086.png,others,others,closeup,Weapons,single,violence
244,3,/content/output/7//FramesSavedHere/3/img_000087.png,vehicles,others,front,Trains,single,others
245,3,/content/output/7//FramesSavedHere/3/img_000088.png,others,others,closeup,Weapons,single,violence
246,3,/content/output/7//FramesSavedHere/3/img_000089.png,others,others,closeup,Weapons,single,violence
247,3,/content/output/7//FramesSavedHere/3/img_000090.png,others,others,closeup,Weapons,single,violence
248,3,/content/output/7//FramesSavedHere/3/img_000091.png,others,others,closeup,Weapons,single,violence
249,3,/content/output/7//FramesSavedHere/3/img_000092.png,others,others,side,others,single,others
250,3,/content/output/7//FramesSavedHere/3/img_000093.png,vehicles,others,others,Trains,single,others
251,3,/content/output/7//FramesSavedHere/3/img_000094.png,vehicles,others,others,Buses,single,others
252,3,/content/output/7//FramesSavedHere/3/img_000095.png,nightclub,others,others,others,single,others
253,3,/content/output/7//FramesSavedHere/3/img_000096.png,others,others,front,Briefcases,single,others
254,3,/content/output/7//FramesSavedHere/3/img_000097.png,others,others,others,others,others,others
255,3,/content/output/7//FramesSavedHere/3/img_000098.png,others,red light,side,others,single,others
256,3,/content/output/7//FramesSavedHere/3/img_000099.png,others,others,side,others,single,expressions
257,3,/content/output/7//FramesSavedHere/3/img_000100.png,others,others,others,Briefcases,others,others
258,3,/content/output/7//FramesSavedHere/3/img_000101.png,others,red light,front,Briefcases,couple,violence
259,3,/content/output/7//FramesSavedHere/3/img_000102.png,others,others,others,others,single,expressions
260,3,/content/output/7//FramesSavedHere/3/img_000103.png,street,others,others,Buses,single,transportation
261,3,/content/output/7//FramesSavedHere/3/img_000104.png,bar,red light,front,Briefcases,single,violence
262,3,/content/output/7//FramesSavedHere/3/img_000105.png,vehicles,others,others,Buses,single,others
263,3,/content/output/7//FramesSavedHere/3/img_000106.png,bar,red light,closeup,Weapons,single,others
264,3,/content/output/7//FramesSavedHere/3/img_000107.png,vehicles,others,others,Trains,single,others
265,3,/content/output/7//FramesSavedHere/3/img_000108.png,others,others,others,others,single,others
266,3,/content/output/7//FramesSavedHere/3/img_000109.png,vehicles,others,others,Buses,others,transportation
267,3,/content/output/7//FramesSavedHere/3/img_000110.png,vehicles,others,front,Trains,single,others
268,3,/content/output/7//FramesSavedHere/3/img_000111.png,vehicles,others,others,Trains,others,others
269,3,/content/output/7//FramesSavedHere/3/img_000112.png,blurry place,others,others,Trains,single,others
270,3,/content/output/7//FramesSavedHere/3/img_000113.png,others,others,others,Trains,single,others
271,3,/content/output/7//FramesSavedHere/3/img_000114.png,others,others,others,Buses,single,others
272,3,/content/output/7//FramesSavedHere/3/img_000115.png,others,others,others,Trains,others,violence
273,3,/content/output/7//FramesSavedHere/3/img_000116.png,blurry place,others,others,Buses,single,others
274,3,/content/output/7//FramesSavedHere/3/img_000117.png,others,others,others,Suits,single,others
275,3,/content/output/7//FramesSavedHere/3/img_000118.png,others,others,others,others,others,others
276,3,/content/output/7//FramesSavedHere/3/img_000119.png,others,others,others,Briefcases,others,still
277,3,/content/output/7//FramesSavedHere/3/img_000120.png,others,others,others,Buses,others,expressions
278,3,/content/output/7//FramesSavedHere/3/img_000121.png,others,others,others,Trains,group,violence
279,3,/content/output/7//FramesSavedHere/3/img_000122.png,blurry place,low light,others,Buses,single,others
280,3,/content/output/7//FramesSavedHere/3/img_000123.png,blurry place,others,others,Buses,single,transportation
281,3,/content/output/7//FramesSavedHere/3/img_000124.png,others,others,others,others,single,others
282,3,/content/output/7//FramesSavedHere/3/img_000125.png,street,night time,others,Buses,others,transportation
283,3,/content/output/7//FramesSavedHere/3/img_000126.png,others,red light,others,Buses,others,transportation
284,3,/content/output/7//FramesSavedHere/3/img_000127.png,vehicles,red light,others,Buses,others,transportation
285,3,/content/output/7//FramesSavedHere/3/img_000128.png,vehicles,low light,others,Buses,others,transportation
286,3,/content/output/7//FramesSavedHere/3/img_000129.png,others,others,others,Buses,others,transportation
287,3,/content/output/7//FramesSavedHere/3/img_000130.png,vehicles,red light,others,Buses,others,transportation
288,3,/content/output/7//FramesSavedHere/3/img_000131.png,others,others,closeup,Trains,single,others
289,3,/content/output/7//FramesSavedHere/3/img_000132.png,others,red light,others,Trains,single,others
290,3,/content/output/7//FramesSavedHere/3/img_000133.png,others,red light,others,Trains,single,others
291,3,/content/output/7//FramesSavedHere/3/img_000134.png,vehicles,others,front,Trains,single,others
292,3,/content/output/7//FramesSavedHere/3/img_000135.png,others,others,others,Buses,single,others
293,3,/content/output/7//FramesSavedHere/3/img_000136.png,vehicles,red light,others,Buses,single,substance use
294,3,/content/output/7//FramesSavedHere/3/img_000137.png,others,red light,others,Trains,single,substance use
295,3,/content/output/7//FramesSavedHere/3/img_000138.png,others,low light,others,Trains,single,others
296,3,/content/output/7//FramesSavedHere/3/img_000139.png,others,others,others,Trains,single,others
297,3,/content/output/7//FramesSavedHere/3/img_000140.png,others,others,front,Trains,single,others
298,3,/content/output/7//FramesSavedHere/3/img_000141.png,others,red light,side,others,single,others
299,3,/content/output/7//FramesSavedHere/3/img_000142.png,others,others,side,Buses,single,expressions
300,3,/content/output/7//FramesSavedHere/3/img_000143.png,others,red light,others,Trains,single,expressions
301,3,/content/output/7//FramesSavedHere/3/img_000144.png,others,red light,others,Buses,single,expressions
302,3,/content/output/7//FramesSavedHere/3/img_000145.png,others,others,side,Trains,single,expressions
303,3,/content/output/7//FramesSavedHere/3/img_000146.png,others,red light,side,Buses,single,expressions
304,3,/content/output/7//FramesSavedHere/3/img_000147.png,others,others,others,Trains,single,others
305,3,/content/output/7//FramesSavedHere/3/img_000148.png,others,others,closeup,others,single,others
306,3,/content/output/7//FramesSavedHere/3/img_000149.png,others,others,closeup,others,single,others
307,3,/content/output/7//FramesSavedHere/3/img_000150.png,others,others,closeup,others,single,others
308,3,/content/output/7//FramesSavedHere/3/img_000151.png,others,others,closeup,Smoke,single,others
309,3,/content/output/7//FramesSavedHere/3/img_000152.png,others,others,closeup,Smoke,single,substance use
310,3,/content/output/7//FramesSavedHere/3/img_000153.png,others,others,others,others,single,violence
311,3,/content/output/7//FramesSavedHere/3/img_000154.png,others,others,others,Pedestrians,single,others
312,3,/content/output/7//FramesSavedHere/3/img_000155.png,others,red light,others,Pedestrians,single,others
313,3,/content/output/7//FramesSavedHere/3/img_000156.png,others,red light,others,Pedestrians,single,expressions
314,3,/content/output/7//FramesSavedHere/3/img_000157.png,others,red light,side,Buses,single,expressions
315,3,/content/output/7//FramesSavedHere/3/img_000158.png,street,red light,side,Pedestrians,single,others
316,3,/content/output/7//FramesSavedHere/3/img_000159.png,others,blue light,side,Pedestrians,single,expressions
317,3,/content/output/7//FramesSavedHere/3/img_000160.png,street,blue light,side,Pedestrians,single,expressions
318,3,/content/output/7//FramesSavedHere/3/img_000161.png,street,red light,others,Pedestrians,single,others
319,3,/content/output/7//FramesSavedHere/3/img_000162.png,vehicles,others,others,Trains,others,others
320,3,/content/output/7//FramesSavedHere/3/img_000163.png,others,others,others,Buses,couple,transportation
321,3,/content/output/7//FramesSavedHere/3/img_000164.png,vehicles,others,others,Trains,single,others
322,3,/content/output/7//FramesSavedHere/3/img_000165.png,others,low light,others,Smoke,single,others
323,3,/content/output/7//FramesSavedHere/3/img_000166.png,others,red light,others,Trains,single,others
324,3,/content/output/7//FramesSavedHere/3/img_000167.png,bar,low light,others,others,others,others
325,3,/content/output/7//FramesSavedHere/3/img_000168.png,others,red light,closeup,Buses,single,others
326,3,/content/output/7//FramesSavedHere/3/img_000169.png,bar,low light,others,others,single,others
327,3,/content/output/7//FramesSavedHere/3/img_000170.png,others,others,others,Buses,group,transportation
328,3,/content/output/7//FramesSavedHere/3/img_000171.png,others,others,others,Buses,group,transportation
329,3,/content/output/7//FramesSavedHere/3/img_000172.png,others,others,others,Trains,group,transportation
330,3,/content/output/7//FramesSavedHere/3/img_000173.png,others,night time,side,others,single,others
331,3,/content/output/7//FramesSavedHere/3/img_000174.png,others,others,side,Pedestrians,single,others
332,3,/content/output/7//FramesSavedHere/3/img_000175.png,others,low light,others,others,single,substance use
333,3,/content/output/7//FramesSavedHere/3/img_000176.png,dark place,others,closeup,others,single,violence
334,3,/content/output/7//FramesSavedHere/3/img_000177.png,dark place,low light,front,others,single,violence
335,3,/content/output/7//FramesSavedHere/3/img_000178.png,bar,others,others,others,single,substance use
336,3,/content/output/7//FramesSavedHere/3/img_000179.png,others,others,others,others,single,others
337,3,/content/output/7//FramesSavedHere/3/img_000180.png,others,others,others,Buses,group,transportation
338,3,/content/output/7//FramesSavedHere/3/img_000181.png,others,others,others,Trains,group,transportation
339,3,/content/output/7//FramesSavedHere/3/img_000182.png,others,others,others,Computers,single,others
340,3,/content/output/7//FramesSavedHere/3/img_000183.png,others,red light,others,others,single,others
341,3,/content/output/7//FramesSavedHere/3/img_000184.png,bar,others,others,others,single,others
342,3,/content/output/7//FramesSavedHere/3/img_000185.png,others,red light,others,others,single,others
343,3,/content/output/7//FramesSavedHere/3/img_000186.png,others,others,others,Trains,group,transportation
344,3,/content/output/7//FramesSavedHere/3/img_000187.png,others,others,others,Trains,group,transportation
345,3,/content/output/7//FramesSavedHere/3/img_000188.png,others,others,others,Security,others,violence
346,3,/content/output/7//FramesSavedHere/3/img_000189.png,others,others,others,Trains,group,transportation
347,3,/content/output/7//FramesSavedHere/3/img_000190.png,others,others,others,Buses,others,others
348,3,/content/output/7//FramesSavedHere/3/img_000191.png,bar,others,others,others,single,others
349,3,/content/output/7//FramesSavedHere/3/img_000192.png,blurry place,others,others,Trains,single,others
350,3,/content/output/7//FramesSavedHere/3/img_000193.png,bar,others,others,Buses,others,others
351,3,/content/output/7//FramesSavedHere/3/img_000194.png,others,others,others,Buses,single,expressions
352,3,/content/output/7//FramesSavedHere/3/img_000195.png,others,others,others,others,single,others
353,3,/content/output/7//FramesSavedHere/3/img_000196.png,nightclub,others,others,Briefcases,single,others
354,3,/content/output/7//FramesSavedHere/3/img_000197.png,others,others,others,others,single,others
355,3,/content/output/7//FramesSavedHere/3/img_000198.png,nightclub,others,others,others,single,others
356,3,/content/output/7//FramesSavedHere/3/img_000199.png,others,others,others,Buses,single,others
357,3,/content/output/7//FramesSavedHere/3/img_000200.png,others,others,others,Briefcases,single,others
358,3,/content/output/7//FramesSavedHere/3/img_000201.png,others,others,others,Luggage,others,others
359,3,/content/output/7//FramesSavedHere/3/img_000202.png,others,others,others,others,others,others
360,3,/content/output/7//FramesSavedHere/3/img_000203.png,blurry place,others,others,Trains,others,others
361,3,/content/output/7//FramesSavedHere/3/img_000204.png,others,red light,others,Buses,single,others
362,3,/content/output/7//FramesSavedHere/3/img_000205.png,vehicles,others,others,Trains,single,others
363,3,/content/output/7//FramesSavedHere/3/img_000206.png,others,red light,front,Trains,others,others
364,3,/content/output/7//FramesSavedHere/3/img_000207.png,vehicles,red light,front,Trains,single,others
365,3,/content/output/7//FramesSavedHere/3/img_000208.png,vehicles,others,side,Buses,single,others
366,3,/content/output/7//FramesSavedHere/3/img_000209.png,vehicles,others,front,Trains,single,others
367,3,/content/output/7//FramesSavedHere/3/img_000210.png,others,others,others,Trains,single,others
368,3,/content/output/7//FramesSavedHere/3/img_000211.png,others,others,others,Buses,others,others
369,3,/content/output/7//FramesSavedHere/3/img_000212.png,others,others,front,Weapons,others,others
370,3,/content/output/7//FramesSavedHere/3/img_000213.png,others,others,others,Buses,single,others
371,3,/content/output/7//FramesSavedHere/3/img_000214.png,others,others,others,Buses,single,expressions
372,3,/content/output/7//FramesSavedHere/3/img_000215.png,others,others,others,Briefcases,others,others
373,3,/content/output/7//FramesSavedHere/3/img_000216.png,others,others,closeup,others,single,others
374,4,/content/output/7//FramesSavedHere/4/img_000001.png,others,others,others,Weapons,single,others
375,4,/content/output/7//FramesSavedHere/4/img_000002.png,others,red light,side,Smoke,single,substance use
376,4,/content/output/7//FramesSavedHere/4/img_000003.png,others,others,side,Trains,single,expressions
377,4,/content/output/7//FramesSavedHere/4/img_000004.png,others,others,side,Buses,single,expressions
378,4,/content/output/7//FramesSavedHere/4/img_000005.png,others,others,side,Buses,single,others
379,4,/content/output/7//FramesSavedHere/4/img_000006.png,vehicles,others,closeup,Buses,single,others
380,4,/content/output/7//FramesSavedHere/4/img_000007.png,vehicles,others,closeup,Buses,single,transportation
381,4,/content/output/7//FramesSavedHere/4/img_000008.png,others,red light,others,Buses,single,others
382,4,/content/output/7//FramesSavedHere/4/img_000009.png,street,others,others,Buses,single,transportation
383,4,/content/output/7//FramesSavedHere/4/img_000010.png,blurry place,others,others,Pedestrians,others,others
384,4,/content/output/7//FramesSavedHere/4/img_000011.png,blurry place,others,others,Trains,single,others
385,4,/content/output/7//FramesSavedHere/4/img_000012.png,others,others,others,Trains,single,others
386,4,/content/output/7//FramesSavedHere/4/img_000013.png,others,red light,front,others,single,others
387,4,/content/output/7//FramesSavedHere/4/img_000014.png,others,red light,others,Trains,single,violence
388,4,/content/output/7//FramesSavedHere/4/img_000015.png,others,others,others,Buses,single,others
389,4,/content/output/7//FramesSavedHere/4/img_000016.png,others,others,others,Buses,single,transportation
390,4,/content/output/7//FramesSavedHere/4/img_000017.png,others,others,others,Buses,single,transportation
391,4,/content/output/7//FramesSavedHere/4/img_000018.png,others,others,others,Buses,single,transportation
392,4,/content/output/7//FramesSavedHere/4/img_000019.png,others,others,others,Buses,single,transportation
393,4,/content/output/7//FramesSavedHere/4/img_000020.png,others,others,others,others,single,others
394,4,/content/output/7//FramesSavedHere/4/img_000021.png,others,others,front,others,single,others
395,4,/content/output/7//FramesSavedHere/4/img_000022.png,others,others,front,others,single,others
396,4,/content/output/7//FramesSavedHere/4/img_000023.png,others,night time,front,others,single,others
397,4,/content/output/7//FramesSavedHere/4/img_000024.png,blurry place,others,side,Trains,single,others
398,4,/content/output/7//FramesSavedHere/4/img_000025.png,blurry place,others,others,Buses,single,transportation
399,4,/content/output/7//FramesSavedHere/4/img_000026.png,others,blue light,closeup,others,others,substance use
400,4,/content/output/7//FramesSavedHere/4/img_000027.png,dark place,low light,others,others,single,others
401,4,/content/output/7//FramesSavedHere/4/img_000028.png,others,others,others,Buses,group,transportation
402,4,/content/output/7//FramesSavedHere/4/img_000029.png,others,others,others,Buses,others,transportation
403,4,/content/output/7//FramesSavedHere/4/img_000030.png,others,others,others,Buses,single,transportation
404,4,/content/output/7//FramesSavedHere/4/img_000031.png,others,others,front,Money,single,others
405,4,/content/output/7//FramesSavedHere/4/img_000032.png,others,others,others,Hazardous,single,others
406,4,/content/output/7//FramesSavedHere/4/img_000033.png,others,others,others,others,single,violence
407,4,/content/output/7//FramesSavedHere/4/img_000034.png,others,others,others,Trains,single,substance use
408,4,/content/output/7//FramesSavedHere/4/img_000035.png,others,others,others,Smoke,single,substance use
409,4,/content/output/7//FramesSavedHere/4/img_000036.png,others,others,side,Smoke,single,substance use
410,4,/content/output/7//FramesSavedHere/4/img_000037.png,others,others,side,Smoke,single,others
411,4,/content/output/7//FramesSavedHere/4/img_000038.png,others,red light,side,Smoke,single,others
412,4,/content/output/7//FramesSavedHere/4/img_000039.png,others,others,side,Smoke,single,substance use
413,4,/content/output/7//FramesSavedHere/4/img_000040.png,others,others,front,others,others,others
414,4,/content/output/7//FramesSavedHere/4/img_000041.png,others,others,front,others,single,others
415,4,/content/output/7//FramesSavedHere/4/img_000042.png,others,others,front,others,single,others
416,4,/content/output/7//FramesSavedHere/4/img_000043.png,others,others,side,others,single,others
417,4,/content/output/7//FramesSavedHere/4/img_000044.png,others,others,side,Smoke,single,substance use
418,4,/content/output/7//FramesSavedHere/4/img_000045.png,others,others,side,others,single,substance use
419,4,/content/output/7//FramesSavedHere/4/img_000046.png,others,others,front,others,single,others
420,4,/content/output/7//FramesSavedHere/4/img_000047.png,others,others,front,others,single,others
421,4,/content/output/7//FramesSavedHere/4/img_000048.png,others,others,front,others,single,others
422,4,/content/output/7//FramesSavedHere/4/img_000049.png,others,others,front,others,others,substance use
423,4,/content/output/7//FramesSavedHere/4/img_000050.png,others,others,front,others,others,others
424,4,/content/output/7//FramesSavedHere/4/img_000051.png,others,others,front,others,single,others
425,4,/content/output/7//FramesSavedHere/4/img_000052.png,others,others,front,others,others,others
426,4,/content/output/7//FramesSavedHere/4/img_000053.png,others,others,front,others,others,others
427,4,/content/output/7//FramesSavedHere/4/img_000054.png,street,blue light,others,Pedestrians,others,talking
428,4,/content/output/7//FramesSavedHere/4/img_000055.png,street,others,others,Pedestrians,couple,talking
429,4,/content/output/7//FramesSavedHere/4/img_000056.png,others,others,others,Buses,couple,talking
430,4,/content/output/7//FramesSavedHere/4/img_000057.png,street,night time,others,Pedestrians,couple,talking
431,4,/content/output/7//FramesSavedHere/4/img_000058.png,street,others,others,Pedestrians,couple,substance use
432,4,/content/output/7//FramesSavedHere/4/img_000059.png,street,red light,others,Pedestrians,single,others
433,4,/content/output/7//FramesSavedHere/4/img_000060.png,street,night time,others,Pedestrians,single,others
434,4,/content/output/7//FramesSavedHere/4/img_000061.png,street,night time,others,Pedestrians,single,others
435,4,/content/output/7//FramesSavedHere/4/img_000062.png,street,night time,others,Pedestrians,single,others
436,4,/content/output/7//FramesSavedHere/4/img_000063.png,street,night time,others,Pedestrians,single,others
437,4,/content/output/7//FramesSavedHere/4/img_000064.png,street,night time,others,Pedestrians,single,others
438,4,/content/output/7//FramesSavedHere/4/img_000065.png,street,night time,others,Pedestrians,single,others
439,4,/content/output/7//FramesSavedHere/4/img_000066.png,street,night time,others,Pedestrians,single,others
440,4,/content/output/7//FramesSavedHere/4/img_000067.png,others,others,others,others,others,still
441,4,/content/output/7//FramesSavedHere/4/img_000068.png,others,others,others,others,others,still
442,4,/content/output/7//FramesSavedHere/4/img_000069.png,others,others,others,others,others,still
443,4,/content/output/7//FramesSavedHere/4/img_000070.png,others,others,others,others,others,still
444,4,/content/output/7//FramesSavedHere/4/img_000071.png,others,others,others,others,others,still
445,4,/content/output/7//FramesSavedHere/4/img_000072.png,others,others,others,others,others,still
446,4,/content/output/7//FramesSavedHere/4/img_000073.png,others,others,others,others,others,still
447,4,/content/output/7//FramesSavedHere/4/img_000074.png,others,others,others,others,others,still
448,5,/content/output/7//FramesSavedHere/5/img_000001.png,others,others,others,others,others,still
449,5,/content/output/7//FramesSavedHere/5/img_000002.png,others,others,others,others,others,still
450,5,/content/output/7//FramesSavedHere/5/img_000003.png,others,others,others,others,others,still
451,5,/content/output/7//FramesSavedHere/5/img_000004.png,others,others,others,others,others,still
452,5,/content/output/7//FramesSavedHere/5/img_000005.png,others,others,others,others,others,still
453,5,/content/output/7//FramesSavedHere/5/img_000006.png,others,others,others,others,others,still
454,5,/content/output/7//FramesSavedHere/5/img_000007.png,others,others,others,others,others,still
455,5,/content/output/7//FramesSavedHere/5/img_000008.png,others,others,others,others,others,still
456,5,/content/output/7//FramesSavedHere/5/img_000009.png,others,others,others,others,others,still
457,5,/content/output/7//FramesSavedHere/5/img_000010.png,others,others,others,others,others,still
458,5,/content/output/7//FramesSavedHere/5/img_000011.png,others,others,others,others,others,still
